{
  "images" : [
    {
      "extent" : "full-screen",
      "idiom" : "iphone",
      "subtype" : "2436h",
      "filename" : "LaunchImage-1125@3x~iphoneX-portrait_1125x2436.png",
      "minimum-system-version" : "11.0",
      "orientation" : "portrait",
      "scale" : "3x"
    },
    {
      "extent" : "full-screen",
      "idiom" : "iphone",
      "subtype" : "736h",
      "filename" : "LaunchImage-Portrait-iPhone_1242x2208.png",
      "minimum-system-version" : "8.0",
      "orientation" : "portrait",
      "scale" : "3x"
    },
    {
      "extent" : "full-screen",
      "idiom" : "iphone",
      "subtype" : "667h",
      "filename" : "LaunchImage-750@2x~iphone6-portrait_750x1334.png",
      "minimum-system-version" : "8.0",
      "orientation" : "portrait",
      "scale" : "2x"
    },
    {
      "orientation" : "portrait",
      "idiom" : "iphone",
      "filename" : "LaunchImage-Portrait-iPhone_1242x2208.png",
      "extent" : "full-screen",
      "minimum-system-version" : "7.0",
      "scale" : "2x"
    },
    {
      "extent" : "full-screen",
      "idiom" : "iphone",
      "subtype" : "retina4",
      "filename" : "LaunchImage-568h@2x~iphone_640x1136.png",
      "minimum-system-version" : "7.0",
      "orientation" : "portrait",
      "scale" : "2x"
    },
    {
      "orientation" : "portrait",
      "idiom" : "ipad",
      "filename" : "LaunchImage-Portrait~ipad_768x1024.png",
      "extent" : "full-screen",
      "minimum-system-version" : "7.0",
      "scale" : "1x"
    },
    {
      "orientation" : "landscape",
      "idiom" : "ipad",
      "filename" : "LaunchImage-Landscape~ipad_1024x768.png",
      "extent" : "full-screen",
      "minimum-system-version" : "7.0",
      "scale" : "1x"
    },
    {
      "orientation" : "portrait",
      "idiom" : "ipad",
      "filename" : "LaunchImage-Portrait@2x~ipad_1536x2048.png",
      "extent" : "full-screen",
      "minimum-system-version" : "7.0",
      "scale" : "2x"
    },
    {
      "orientation" : "landscape",
      "idiom" : "ipad",
      "filename" : "LaunchImage-Landscape@2x~ipad_2048x1536.png",
      "extent" : "full-screen",
      "minimum-system-version" : "7.0",
      "scale" : "2x"
    },
    {
      "orientation" : "portrait",
      "idiom" : "iphone",
      "filename" : "LaunchImage~iphone-320x480.png",
      "extent" : "full-screen",
      "scale" : "1x"
    },
    {
      "orientation" : "portrait",
      "idiom" : "ipad",
      "filename" : "LaunchImage.png",
      "extent" : "to-status-bar",
      "scale" : "1x"
    },
    {
      "orientation" : "landscape",
      "idiom" : "ipad",
      "filename" : "LaunchImage-Landscape~ipad_1024x748.png",
      "extent" : "to-status-bar",
      "scale" : "1x"
    },
    {
      "orientation" : "portrait",
      "idiom" : "ipad",
      "filename" : "LaunchImage-Portrait@2x~ipad_1536x2008.png",
      "extent" : "to-status-bar",
      "scale" : "2x"
    },
    {
      "orientation" : "landscape",
      "idiom" : "ipad",
      "filename" : "LaunchImage-Landscape@2x~ipad_2048x1496.png",
      "extent" : "to-status-bar",
      "scale" : "2x"
    },
    {
      "orientation" : "portrait",
      "idiom" : "iphone",
      "minimum-system-version" : "7.0",
      "scale" : "2x"
    },
    {
      "orientation" : "portrait",
      "idiom" : "iphone",
      "minimum-system-version" : "7.0",
      "subtype" : "retina4",
      "scale" : "2x"
    },
    {
      "orientation" : "portrait",
      "idiom" : "iphone",
      "filename" : "LaunchImage-750@2x~iphone6-portrait_750x1334.png",
      "extent" : "full-screen",
      "minimum-system-version" : "6.0",
      "scale" : "2x"
    },
    {
      "orientation" : "portrait",
      "idiom" : "ipad",
      "filename" : "LaunchImage~ipad.png",
      "extent" : "to-status-bar",
      "unassigned" : true,
      "scale" : "2x"
    }
  ],
  "info" : {
    "version" : 1,
    "author" : "xcode"
  }
}